model,target,n_eligible,n_train,n_val,n_test,status,selected_C,validation_balanced_accuracy,validation_n,selection_status,n,n_classes,balanced_accuracy,accuracy,roc_auc,tn,fp,fn,tp,balanced_accuracy_ci_lower,balanced_accuracy_ci_upper,bootstrap_n_resamples,bootstrap_confidence,R,loop
latent_logistic_critical,critical_label,500,350,76,74,ok,0.001,0.4605263157894737,76,selected on validation balanced accuracy,74,2,0.4864864864864865,0.4864864864864865,0.5266617969320672,17,20,18,19,0.3764437134502925,0.6043032669086811,2000,0.95,4,1
latent_logistic_critical,critical_label,500,350,76,74,ok,1.0,0.5,76,selected on validation balanced accuracy,74,2,0.4594594594594595,0.4594594594594595,0.4974433893352812,14,23,17,20,0.34622887716737144,0.5747077164511712,2000,0.95,4,2
latent_logistic_critical,critical_label,500,350,76,74,ok,0.001,0.4868421052631579,76,selected on validation balanced accuracy,74,2,0.4864864864864865,0.4864864864864865,0.5003652300949598,18,19,19,18,0.37393817564549275,0.6016405129124819,2000,0.95,4,3
latent_logistic_critical,critical_label,500,350,76,74,ok,0.01,0.4473684210526316,76,selected on validation balanced accuracy,74,2,0.5675675675675675,0.5675675675675675,0.577063550036523,21,16,16,21,0.4564102564102564,0.6845352564102564,2000,0.95,4,4
latent_logistic_final_answer_diagnostic,semantic_answer,500,350,76,74,ok,0.001,0.4313929313929314,76,selected on validation balanced accuracy,74,2,0.5294117647058824,0.527027027027027,0.5227941176470587,19,15,20,20,0.4105541340011614,0.6382119799139168,2000,0.95,4,4
latent_shuffled_label_control,critical_label,500,350,76,74,ok,0.01,0.5983086680761099,76,selected on validation balanced accuracy,74,2,0.5135135135135136,0.5135135135135135,0.5054784514243974,18,19,17,20,0.4071637426900585,0.6249107142857143,2000,0.95,4,4
latent_train_majority_baseline,critical_label,500,350,76,74,ok,,,0,deterministic train-majority baseline,74,2,0.5,0.5,,37,0,37,0,0.5,0.5,2000,0.95,4,4
latent_logistic_critical,critical_label,500,350,76,74,ok,0.001,0.4605263157894737,76,selected on validation balanced accuracy,74,2,0.4864864864864865,0.4864864864864865,0.5266617969320672,17,20,18,19,0.3750709033613446,0.5946054607238818,2000,0.95,8,1
latent_logistic_critical,critical_label,500,350,76,74,ok,1.0,0.5,76,selected on validation balanced accuracy,74,2,0.4594594594594595,0.4594594594594595,0.4974433893352812,14,23,17,20,0.3495852761836442,0.5689466783216783,2000,0.95,8,2
latent_logistic_critical,critical_label,500,350,76,74,ok,0.001,0.4868421052631579,76,selected on validation balanced accuracy,74,2,0.4864864864864865,0.4864864864864865,0.5003652300949598,18,19,19,18,0.36663003663003674,0.6007575757575758,2000,0.95,8,3
latent_logistic_critical,critical_label,500,350,76,74,ok,0.01,0.4473684210526316,76,selected on validation balanced accuracy,74,2,0.5675675675675675,0.5675675675675675,0.577063550036523,21,16,16,21,0.4536699625502375,0.6769188596491227,2000,0.95,8,4
latent_logistic_critical,critical_label,500,350,76,74,ok,0.001,0.48684210526315785,76,selected on validation balanced accuracy,74,2,0.5405405405405406,0.5405405405405406,0.5471146822498174,18,19,15,22,0.4226121794871795,0.653639846743295,2000,0.95,8,5
latent_logistic_critical,critical_label,500,350,76,74,ok,0.1,0.5789473684210527,76,selected on validation balanced accuracy,74,2,0.5540540540540541,0.5540540540540541,0.6216216216216216,22,15,18,19,0.4421205357142857,0.663017285861713,2000,0.95,8,6
latent_logistic_critical,critical_label,500,350,76,74,ok,0.01,0.631578947368421,76,selected on validation balanced accuracy,74,2,0.5810810810810811,0.581081081081081,0.6464572680788897,24,13,18,19,0.46919707656799264,0.690484022556391,2000,0.95,8,7
latent_logistic_critical,critical_label,500,350,76,74,ok,0.001,0.631578947368421,76,selected on validation balanced accuracy,74,2,0.5675675675675675,0.5675675675675675,0.6654492330168006,22,15,17,20,0.4563108519269777,0.6776916248955721,2000,0.95,8,8
latent_logistic_final_answer_diagnostic,semantic_answer,500,350,76,74,ok,0.1,0.5758835758835759,76,selected on validation balanced accuracy,74,2,0.4625,0.4594594594594595,0.4625,17,17,23,17,0.3509147869674185,0.5882352941176471,2000,0.95,8,8
latent_shuffled_label_control,critical_label,500,350,76,74,ok,0.01,0.5651260504201681,76,selected on validation balanced accuracy,74,2,0.5135135135135136,0.5135135135135135,0.46530314097881664,18,19,17,20,0.39806547619047616,0.6216305316305317,2000,0.95,8,8
latent_train_majority_baseline,critical_label,500,350,76,74,ok,,,0,deterministic train-majority baseline,74,2,0.5,0.5,,37,0,37,0,0.5,0.5,2000,0.95,8,8
latent_logistic_critical,critical_label,500,350,76,74,ok,0.001,0.4605263157894737,76,selected on validation balanced accuracy,74,2,0.4864864864864865,0.4864864864864865,0.5266617969320672,17,20,18,19,0.37359605911330057,0.595728487348376,2000,0.95,16,1
latent_logistic_critical,critical_label,500,350,76,74,ok,1.0,0.5,76,selected on validation balanced accuracy,74,2,0.4594594594594595,0.4594594594594595,0.4974433893352812,14,23,17,20,0.351339497392129,0.5750223214285712,2000,0.95,16,2
latent_logistic_critical,critical_label,500,350,76,74,ok,0.001,0.4868421052631579,76,selected on validation balanced accuracy,74,2,0.4864864864864865,0.4864864864864865,0.5003652300949598,18,19,19,18,0.3724908424908426,0.6079133457182238,2000,0.95,16,3
latent_logistic_critical,critical_label,500,350,76,74,ok,0.01,0.4473684210526316,76,selected on validation balanced accuracy,74,2,0.5675675675675675,0.5675675675675675,0.577063550036523,21,16,16,21,0.4526897898849119,0.6886062813283208,2000,0.95,16,4
latent_logistic_critical,critical_label,500,350,76,74,ok,0.001,0.48684210526315785,76,selected on validation balanced accuracy,74,2,0.5405405405405406,0.5405405405405406,0.5471146822498174,18,19,15,22,0.43193576938813233,0.6513307191929562,2000,0.95,16,5
latent_logistic_critical,critical_label,500,350,76,74,ok,0.1,0.5789473684210527,76,selected on validation balanced accuracy,74,2,0.5540540540540541,0.5540540540540541,0.6216216216216216,22,15,18,19,0.43555238399707713,0.6626016260162602,2000,0.95,16,6
latent_logistic_critical,critical_label,500,350,76,74,ok,0.01,0.631578947368421,76,selected on validation balanced accuracy,74,2,0.5810810810810811,0.581081081081081,0.6464572680788897,24,13,18,19,0.4696980645706559,0.691672794117647,2000,0.95,16,7
latent_logistic_critical,critical_label,500,350,76,74,ok,0.001,0.631578947368421,76,selected on validation balanced accuracy,74,2,0.5675675675675675,0.5675675675675675,0.6654492330168006,22,15,17,20,0.4594594594594595,0.6852868960084033,2000,0.95,16,8
latent_logistic_critical,critical_label,500,350,76,74,ok,0.01,0.6710526315789473,76,selected on validation balanced accuracy,74,2,0.6891891891891893,0.6891891891891891,0.7363038714390067,28,9,14,23,0.5840506719959544,0.7843219713919708,2000,0.95,16,9
latent_logistic_critical,critical_label,500,350,76,74,ok,1.0,0.7105263157894737,76,selected on validation balanced accuracy,74,2,0.7567567567567568,0.7567567567567568,0.8254200146092037,29,8,10,27,0.657910069035116,0.8513541392104782,2000,0.95,16,10
latent_logistic_critical,critical_label,500,350,76,74,ok,0.01,0.75,76,selected on validation balanced accuracy,74,2,0.7837837837837838,0.7837837837837838,0.8400292184075968,31,6,10,27,0.6836316687264943,0.8684321380374012,2000,0.95,16,11
latent_logistic_critical,critical_label,500,350,76,74,ok,1.0,0.8026315789473684,76,selected on validation balanced accuracy,74,2,0.8513513513513513,0.8513513513513513,0.8962746530314097,33,4,7,30,0.7682591589267286,0.9300395945517896,2000,0.95,16,12
latent_logistic_critical,critical_label,500,350,76,74,ok,1.0,0.8026315789473684,76,selected on validation balanced accuracy,74,2,0.8243243243243243,0.8243243243243243,0.9284149013878743,32,5,8,29,0.7365926995798319,0.9096085527063583,2000,0.95,16,13
latent_logistic_critical,critical_label,500,350,76,74,ok,0.1,0.7894736842105263,76,selected on validation balanced accuracy,74,2,0.8918918918918919,0.8918918918918919,0.95836376917458,35,2,6,31,0.8161764705882353,0.9571518319079294,2000,0.95,16,14
latent_logistic_critical,critical_label,500,350,76,74,ok,0.1,0.7894736842105263,76,selected on validation balanced accuracy,74,2,0.8648648648648649,0.8648648648648649,0.9620160701241782,35,2,8,29,0.7864476102941176,0.9354942100909843,2000,0.95,16,15
latent_logistic_critical,critical_label,500,350,76,74,ok,10.0,0.8157894736842105,76,selected on validation balanced accuracy,74,2,0.9189189189189189,0.918918918918919,0.9766252739225713,35,2,4,33,0.8495656606459308,0.973701079622132,2000,0.95,16,16
latent_logistic_final_answer_diagnostic,semantic_answer,500,350,76,74,ok,0.001,0.5516285516285516,76,selected on validation balanced accuracy,74,2,0.5213235294117647,0.5135135135135135,0.4926470588235294,21,13,23,17,0.41369408672390195,0.6331845238095238,2000,0.95,16,16
latent_shuffled_label_control,critical_label,500,350,76,74,ok,10.0,0.5413165266106443,76,selected on validation balanced accuracy,74,2,0.45945945945945943,0.4594594594594595,0.43024105186267353,19,18,22,15,0.34694500811688317,0.5735481609495238,2000,0.95,16,16
latent_train_majority_baseline,critical_label,500,350,76,74,ok,,,0,deterministic train-majority baseline,74,2,0.5,0.5,,37,0,37,0,0.5,0.5,2000,0.95,16,16
latent_logistic_critical,critical_label,500,350,76,74,ok,0.001,0.4605263157894737,76,selected on validation balanced accuracy,74,2,0.4864864864864865,0.4864864864864865,0.5266617969320672,17,20,18,19,0.36975643382352946,0.6007466736694678,2000,0.95,32,1
latent_logistic_critical,critical_label,500,350,76,74,ok,1.0,0.5,76,selected on validation balanced accuracy,74,2,0.4594594594594595,0.4594594594594595,0.4974433893352812,14,23,17,20,0.34994558660493025,0.5746505211917323,2000,0.95,32,2
latent_logistic_critical,critical_label,500,350,76,74,ok,0.001,0.4868421052631579,76,selected on validation balanced accuracy,74,2,0.4864864864864865,0.4864864864864865,0.5003652300949598,18,19,19,18,0.37420867176301964,0.5963369963369963,2000,0.95,32,3
latent_logistic_critical,critical_label,500,350,76,74,ok,0.01,0.4473684210526316,76,selected on validation balanced accuracy,74,2,0.5675675675675675,0.5675675675675675,0.577063550036523,21,16,16,21,0.45588235294117646,0.6815493697478991,2000,0.95,32,4
latent_logistic_critical,critical_label,500,350,76,74,ok,0.001,0.48684210526315785,76,selected on validation balanced accuracy,74,2,0.5405405405405406,0.5405405405405406,0.5471146822498174,18,19,15,22,0.432007940444237,0.6533658211706992,2000,0.95,32,5
latent_logistic_critical,critical_label,500,350,76,74,ok,0.1,0.5789473684210527,76,selected on validation balanced accuracy,74,2,0.5540540540540541,0.5540540540540541,0.6216216216216216,22,15,18,19,0.43223443223443225,0.667679367201426,2000,0.95,32,6
latent_logistic_critical,critical_label,500,350,76,74,ok,0.01,0.631578947368421,76,selected on validation balanced accuracy,74,2,0.5810810810810811,0.581081081081081,0.6464572680788897,24,13,18,19,0.4711678177910306,0.6904870129870129,2000,0.95,32,7
latent_logistic_critical,critical_label,500,350,76,74,ok,0.001,0.631578947368421,76,selected on validation balanced accuracy,74,2,0.5675675675675675,0.5675675675675675,0.6654492330168006,22,15,17,20,0.45602011869049175,0.6870137105976322,2000,0.95,32,8
latent_logistic_critical,critical_label,500,350,76,74,ok,0.01,0.6710526315789473,76,selected on validation balanced accuracy,74,2,0.6891891891891893,0.6891891891891891,0.7363038714390067,28,9,14,23,0.5852690443993689,0.7875541125541125,2000,0.95,32,9
latent_logistic_critical,critical_label,500,350,76,74,ok,1.0,0.7105263157894737,76,selected on validation balanced accuracy,74,2,0.7567567567567568,0.7567567567567568,0.8254200146092037,29,8,10,27,0.6552852781210009,0.8513543322734499,2000,0.95,32,10
latent_logistic_critical,critical_label,500,350,76,74,ok,0.01,0.75,76,selected on validation balanced accuracy,74,2,0.7837837837837838,0.7837837837837838,0.8400292184075968,31,6,10,27,0.6834873949579833,0.8698093271072797,2000,0.95,32,11
latent_logistic_critical,critical_label,500,350,76,74,ok,1.0,0.8026315789473684,76,selected on validation balanced accuracy,74,2,0.8513513513513513,0.8513513513513513,0.8962746530314097,33,4,7,30,0.7617966991747936,0.9264717023172906,2000,0.95,32,12
latent_logistic_critical,critical_label,500,350,76,74,ok,1.0,0.8026315789473684,76,selected on validation balanced accuracy,74,2,0.8243243243243243,0.8243243243243243,0.9284149013878743,32,5,8,29,0.7337062713954351,0.9058608058608059,2000,0.95,32,13
latent_logistic_critical,critical_label,500,350,76,74,ok,0.1,0.7894736842105263,76,selected on validation balanced accuracy,74,2,0.8918918918918919,0.8918918918918919,0.95836376917458,35,2,6,31,0.8161749892264598,0.9580882352941176,2000,0.95,32,14
latent_logistic_critical,critical_label,500,350,76,74,ok,0.1,0.7894736842105263,76,selected on validation balanced accuracy,74,2,0.8648648648648649,0.8648648648648649,0.9620160701241782,35,2,8,29,0.7882352941176471,0.937528409090909,2000,0.95,32,15
latent_logistic_critical,critical_label,500,350,76,74,ok,10.0,0.8157894736842105,76,selected on validation balanced accuracy,74,2,0.9189189189189189,0.918918918918919,0.9766252739225713,35,2,4,33,0.8501831501831503,0.9736842105263157,2000,0.95,32,16
latent_logistic_critical,critical_label,500,350,76,74,ok,1.0,0.8157894736842105,76,selected on validation balanced accuracy,74,2,0.9324324324324325,0.9324324324324325,0.995617238860482,37,0,5,32,0.875,0.9857142857142858,2000,0.95,32,17
latent_logistic_critical,critical_label,500,350,76,74,ok,1.0,0.868421052631579,76,selected on validation balanced accuracy,74,2,0.945945945945946,0.9459459459459459,0.9853907962016071,36,1,3,34,0.8889750824740347,0.9883786997885835,2000,0.95,32,18
latent_logistic_critical,critical_label,500,350,76,74,ok,0.1,0.8552631578947368,76,selected on validation balanced accuracy,74,2,0.918918918918919,0.918918918918919,0.9810080350620891,36,1,5,32,0.8545775898078529,0.9736842105263157,2000,0.95,32,19
latent_logistic_critical,critical_label,500,350,76,74,ok,0.1,0.881578947368421,76,selected on validation balanced accuracy,74,2,0.9054054054054055,0.9054054054054054,0.9890430971512053,36,1,6,31,0.8377773861737678,0.9705882352941176,2000,0.95,32,20
latent_logistic_critical,critical_label,500,350,76,74,ok,0.1,0.9078947368421053,76,selected on validation balanced accuracy,74,2,0.9054054054054055,0.9054054054054054,0.989773557341125,36,1,6,31,0.8377773861737678,0.9714285714285714,2000,0.95,32,21
latent_logistic_critical,critical_label,500,350,76,74,ok,0.1,0.9342105263157894,76,selected on validation balanced accuracy,74,2,0.918918918918919,0.918918918918919,0.9868517165814463,36,1,5,32,0.8552602554179567,0.9736842105263157,2000,0.95,32,22
latent_logistic_critical,critical_label,500,350,76,74,ok,0.1,0.9342105263157894,76,selected on validation balanced accuracy,74,2,0.8918918918918919,0.8918918918918919,0.985390796201607,36,1,7,30,0.8226053639846744,0.9558881448303251,2000,0.95,32,23
latent_logistic_critical,critical_label,500,350,76,74,ok,0.1,0.8947368421052632,76,selected on validation balanced accuracy,74,2,0.8783783783783784,0.8783783783783784,0.9788166544923302,36,1,8,29,0.8062865497076024,0.9457905179615705,2000,0.95,32,24
latent_logistic_critical,critical_label,500,350,76,74,ok,10.0,0.9078947368421053,76,selected on validation balanced accuracy,74,2,0.9054054054054055,0.9054054054054054,0.9817384952520088,36,1,6,31,0.8382253577106519,0.9655270376175548,2000,0.95,32,25
latent_logistic_critical,critical_label,500,350,76,74,ok,10.0,0.9078947368421053,76,selected on validation balanced accuracy,74,2,0.9324324324324325,0.9324324324324325,0.9868517165814463,36,1,4,33,0.8721340648232686,0.9861111111111112,2000,0.95,32,26
latent_logistic_critical,critical_label,500,350,76,74,ok,0.01,0.9078947368421053,76,selected on validation balanced accuracy,74,2,0.9054054054054055,0.9054054054054054,0.9795471146822498,35,2,5,32,0.832340820943762,0.9705882352941176,2000,0.95,32,27
latent_logistic_critical,critical_label,500,350,76,74,ok,0.01,0.868421052631579,76,selected on validation balanced accuracy,74,2,0.9189189189189189,0.918918918918919,0.9722425127830534,35,2,4,33,0.8501322287808795,0.9736842105263157,2000,0.95,32,28
latent_logistic_critical,critical_label,500,350,76,74,ok,0.1,0.868421052631579,76,selected on validation balanced accuracy,74,2,0.9054054054054055,0.9054054054054054,0.9802775748721695,35,2,5,32,0.8353203706628413,0.9714340448823207,2000,0.95,32,29
latent_logistic_critical,critical_label,500,350,76,74,ok,0.1,0.8947368421052632,76,selected on validation balanced accuracy,74,2,0.918918918918919,0.918918918918919,0.972972972972973,36,1,5,32,0.851462325115647,0.975,2000,0.95,32,30
latent_logistic_critical,critical_label,500,350,76,74,ok,0.1,0.9473684210526316,76,selected on validation balanced accuracy,74,2,0.9054054054054055,0.9054054054054054,0.9766252739225713,36,1,6,31,0.836071057384882,0.9696969696969697,2000,0.95,32,31
latent_logistic_critical,critical_label,500,350,76,74,ok,10.0,0.9342105263157894,76,selected on validation balanced accuracy,74,2,0.8648648648648649,0.8648648648648649,0.9751643535427319,36,1,9,28,0.7858255347593583,0.935483870967742,2000,0.95,32,32
latent_logistic_final_answer_diagnostic,semantic_answer,500,350,76,74,ok,0.01,0.5544005544005544,76,selected on validation balanced accuracy,74,2,0.5463235294117648,0.5405405405405406,0.5610294117647059,21,13,21,19,0.4351933895123653,0.6533340724316334,2000,0.95,32,32
latent_shuffled_label_control,critical_label,500,350,76,74,ok,0.01,0.5752840909090909,76,selected on validation balanced accuracy,74,2,0.5,0.5,0.4550766983199416,15,22,15,22,0.3893833556149733,0.6133124003189793,2000,0.95,32,32
latent_train_majority_baseline,critical_label,500,350,76,74,ok,,,0,deterministic train-majority baseline,74,2,0.5,0.5,,37,0,37,0,0.5,0.5,2000,0.95,32,32
